depth_m,T_C,P_MPa,h_kJ_per_kg,steam_saturation
10.0,8.081976291596394,0.15208685079203055,34.07084953262927,0.0
35.0,18.07163654461771,0.3166113731677251,76.04391800422081,0.0
60.0,28.061296797639017,0.48113589554341946,118.01698647581239,0.0
85.0,38.05095705066033,0.6456604179191141,159.99005494740393,0.0
110.0,48.040617303681636,0.8101849402948085,201.96312341899548,0.0
135.0,58.03027755670296,0.9747094626705028,243.93619189058703,0.0
160.0,68.01993780972427,1.1392339850461974,285.90926036217854,0.0
185.0,76.64248583658627,1.3340869526230623,322.1641833692952,0.0
210.0,84.81754818733918,1.5388670823937112,356.54743253698643,0.0
235.0,92.9926105380921,1.7436472121643583,390.9306817046777,0.0
260.0,105.31286915794942,2.068252140423894,444.4606440214693,0.0
285.0,124.21083735138734,2.5829983003658086,528.3731287105138,0.0
310.0,143.10880554482537,3.097744460307723,612.2856133995583,0.0
335.0,162.0067737382633,3.612490620249636,696.1980980886024,0.0
360.0,180.90474193170132,4.12723678019155,780.1105827776469,0.0
385.0,199.80271012513924,4.641982940133465,864.0230674666914,0.0
410.0,220.13576707232153,5.081291389348679,954.8732082832621,0.0
435.0,240.49399563536502,5.519276652753324,1045.8450363575469,0.0
460.0,257.11157498690153,5.906274626772962,1120.3367182930353,0.0
485.0,259.01491005450987,6.092708637436075,1130.0019804254832,0.0
510.0,260.9182451221182,6.279142648099187,1139.6672425579316,0.0
535.0,262.8215801897266,6.4655766587622985,1149.33250469038,0.0
560.0,264.72491525733494,6.65201066942541,1158.9977668228278,0.0
585.0,266.62825032494334,6.8384446800885215,1168.663028955276,0.0
610.0,268.5315853925517,7.024878690751635,1178.328291087724,0.0
635.0,270.43492046016,7.211312701414746,1187.9935532201723,0.0
660.0,272.3382555277684,7.3977467120778595,1197.6588153526206,0.0
685.0,274.24159059537675,7.584180722740969,1207.3240774850685,0.0
710.0,276.14492566298514,7.7706147334040825,1216.9893396175169,0.0
735.0,278.0482607305935,7.957048744067194,1226.6546017499647,0.0
760.0,280.0505396128242,8.14371212073685,1236.771006284665,0.0
785.0,282.08983492879304,8.330461306828905,1247.056190271654,0.0
810.0,284.1291302447618,8.517210492920963,1257.3413742586426,0.0
835.0,286.16842556073067,8.70395967901302,1267.6265582456317,0.0
860.0,287.04674599869406,8.890894148209316,1272.0205670328696,0.0
885.0,287.2881380256119,9.077930266524305,1273.1825878328962,0.0
910.0,287.5295300525297,9.264966384839294,1274.344608632923,0.0
935.0,287.7709220794475,9.452002503154283,1275.5066294329495,0.0
960.0,288.0123141063653,9.639038621469274,1276.6686502329762,0.0
985.0,288.2537061332831,9.826074739784262,1277.830671033003,0.0
1010.0,288.49509816020094,10.013110858099253,1278.9926918330295,0.0
1035.0,288.73649018711876,10.200146976414242,1280.154712633056,0.0
1060.0,288.9778822140365,10.387183094729231,1281.3167334330828,0.0
1085.0,289.21927424095435,10.57421921304422,1282.4787542331096,0.0
1110.0,289.46066626787217,10.761255331359209,1283.6407750331362,0.0
1135.0,289.70205829479,10.948291449674198,1284.802795833163,0.0
1160.0,289.9434503217078,11.135327567989187,1285.9648166331895,0.0
1185.0,290.1848423486256,11.322363686304177,1287.1268374332162,0.0
1210.0,290.42623437554346,11.509399804619166,1288.288858233243,0.0
1235.0,290.6676264024612,11.696435922934155,1289.4508790332695,0.0
1260.0,290.90901842937905,11.883472041249146,1290.612899833296,0.0
1285.0,291.15041045629687,12.070508159564135,1291.7749206333228,0.0
1310.0,291.3918024832147,12.257544277879125,1292.9369414333496,0.0
1335.0,291.6331945101325,12.444580396194114,1294.0989622333761,0.0
1360.0,291.8745865370503,12.631616514509103,1295.260983033403,0.0
1385.0,292.20051467906325,12.820506675436956,1296.8723462960447,0.0
1410.0,292.5304841492079,13.009485470607823,1298.5051907958232,0.0
1435.0,292.86045361935254,13.198464265778691,1300.1380352956019,0.0
1460.0,293.1904230894972,13.38744306094956,1301.7708797953803,0.0
1485.0,293.52039255964183,13.576421856120426,1303.4037242951588,0.0
1510.0,293.8503620297865,13.765400651291294,1305.0365687949372,0.0
1535.0,294.1803314999312,13.95437944646216,1306.6694132947157,0.0
1560.0,294.51030097007583,14.14335824163303,1308.3022577944942,0.0
1585.0,294.8402704402205,14.332337036803898,1309.9351022942726,0.0
1610.0,295.1702399103651,14.521315831974764,1311.567946794051,0.0
1635.0,295.5002093805098,14.710294627145633,1313.2007912938295,0.0
1660.0,295.8301788506544,14.899273422316499,1314.833635793608,0.0
1685.0,296.16014832079907,15.08825221748737,1316.4664802933864,0.0
1710.0,296.4901177909437,15.277231012658236,1318.099324793165,0.0
1735.0,296.82008726108836,15.466209807829102,1319.7321692929434,0.0
1760.0,297.150056731233,15.65518860299997,1321.365013792722,0.0
1785.0,297.48002620137765,15.844167398170837,1322.9978582925005,0.0
1810.0,297.80999567152236,16.033146193341707,1324.630702792279,0.0
1835.0,298.139965141667,16.222124988512576,1326.2635472920574,0.0
1860.0,298.46993461181165,16.41110378368344,1327.8963917918359,0.0
1885.0,298.7999040819563,16.60008257885431,1329.5292362916143,0.0
1910.0,299.12987355210095,16.789061374025174,1331.1620807913928,0.0
1935.0,299.4598430222456,16.978040169196046,1332.7949252911712,0.0
1960.0,299.78981249239024,17.16701896436691,1334.4277697909497,0.0
1985.0,300.1197819625349,17.35599775953778,1336.0606142907282,0.0
2010.0,300.4497514326796,17.544976554708647,1337.6934587905066,0.0
2035.0,300.1242477453956,17.737287674775313,1336.0410935631912,0.0
2060.0,299.0965840317643,17.933168468611402,1330.8695255700695,0.0
2085.0,298.0689203181329,18.12904926244749,1325.6979575769478,0.0
2110.0,297.04125660450154,18.32493005628358,1320.5263895838266,0.0
2135.0,296.4845384913126,18.520055963587442,1317.7535388517863,0.0
2160.0,296.2394097839625,18.714682419052657,1316.5677395444836,0.0
2185.0,295.9942810766124,18.90930887451787,1315.381940237181,0.0
2210.0,295.74915236926233,19.103935329983084,1314.1961409298792,0.0
2235.0,295.50402366191224,19.298561785448296,1313.0103416225766,0.0
2260.0,295.25889495456215,19.493188240913508,1311.824542315274,0.0
2285.0,295.01376624721206,19.68781469637872,1310.6387430079722,0.0
2310.0,294.7686375398621,19.88244115184393,1309.4529437006695,0.0
2335.0,294.523508832512,20.077067607309147,1308.2671443933668,0.0
2360.0,294.2783801251619,20.27169406277436,1307.081345086065,0.0
2385.0,294.0332514178118,20.46632051823957,1305.8955457787624,0.0
2410.0,293.7881227104617,20.66094697370478,1304.7097464714598,0.0
2435.0,293.54299400311163,20.855573429169993,1303.523947164158,0.0
2460.0,293.29786529576154,21.05019988463521,1302.3381478568554,0.0
2485.0,293.05273658841145,21.24482634010042,1301.1523485495527,0.0
2510.0,292.8076078810615,21.439452795565636,1299.96654924225,0.0
2535.0,292.5624791737114,21.634079251030848,1298.7807499349483,0.0
2560.0,292.3173504663613,21.82870570649606,1297.5949506276456,0.0
2585.0,292.0722217590112,22.023332161961275,1296.409151320343,0.0
2610.0,291.8270930516611,22.217958617426486,1295.2233520130412,0.0
2635.0,291.581964344311,22.412585072891698,1294.0375527057386,0.0
2660.0,288.5413650453338,22.61085701388613,1279.7287229395606,0.0
2685.0,283.3958154256543,22.811873954580008,1255.538434482406,0.0
2710.0,278.25026580597455,23.01289089527389,1231.3481460252515,0.0
2735.0,273.10471618629504,23.21390783596777,1207.157857568096,0.0
2760.0,267.9591665666155,23.41492477666165,1182.9675691109414,0.0
2785.0,262.813616946936,23.61594171735553,1158.7772806537869,0.0
2810.0,257.6680673272565,23.81695865804941,1134.5869921966314,0.0
2835.0,252.52251770757675,24.017975598743288,1110.3967037394768,0.0
2860.0,247.37966494099965,24.218990984822568,1086.2184742884947,0.0
2885.0,245.09818421475688,24.41835691853143,1074.8348991196617,0.0
2910.0,242.81670348851412,24.61772285224029,1063.451323950827,0.0
2935.0,240.53522276227136,24.817088785949153,1052.067748781994,0.0
2960.0,238.2537420360286,25.016454719658018,1040.684173613161,0.0
2985.0,234.27012505354924,25.225343419732624,1021.9966721118781,0.0
3010.0,229.59956856306235,25.438075269507024,1000.3614891056877,0.0
3035.0,224.92901207257546,25.65080711928142,978.7263060994992,0.0
